{"loss": [1.3629449605941772, 0.45852532982826233, 0.274691641330719, 0.19047024846076965, 0.14047634601593018, 0.10523214936256409, 0.0913219302892685, 0.07566136121749878, 0.06814181059598923, 0.058824896812438965], "accuracy": [0.5966000556945801, 0.8553666472434998, 0.9118713736534119, 0.9376911520957947, 0.9536951184272766, 0.9655025005340576, 0.970808744430542, 0.9750053286552429, 0.9778931736946106, 0.980837881565094], "val_loss": [0.5244725346565247, 0.37459731101989746, 0.20892973244190216, 0.29069700837135315, 0.1405567079782486, 0.181208536028862, 0.1477392166852951, 0.18737737834453583, 0.10197166353464127, 0.10659782588481903], "val_accuracy": [0.8326883912086487, 0.8805485963821411, 0.9315957427024841, 0.9067835211753845, 0.9529364705085754, 0.9428636431694031, 0.9518552422523499, 0.9417823553085327, 0.9688709378242493, 0.9676758646965027]}